{
    "$schema": "https://json-schema.org/draft/2020-12/schema",
    "properties": {
        "bpfki": {
            "properties": {
                "create": {
                    "type": "boolean"
                },
                "grpcPort": {
                    "type": "integer"
                },
                "image": {
                    "properties": {
                        "registry": {
                            "type": "string"
                        },
                        "repository": {
                            "type": "string"
                        },
                        "tag": {
                            "type": "string"
                        }
                    },
                    "type": "object"
                },
                "imagePullPolicy": {
                    "type": "string"
                },
                "resources": {
                    "properties": {},
                    "type": "object"
                }
            },
            "type": "object"
        },
        "chaosDaemon": {
            "properties": {
                "affinity": {
                    "properties": {},
                    "type": "object"
                },
                "capabilities": {
                    "properties": {
                        "add": {
                            "items": {
                                "type": "string"
                            },
                            "type": "array"
                        }
                    },
                    "type": "object"
                },
                "env": {
                    "properties": {},
                    "type": "object"
                },
                "grpcPort": {
                    "type": "integer"
                },
                "hostNetwork": {
                    "type": "boolean"
                },
                "httpPort": {
                    "type": "integer"
                },
                "image": {
                    "properties": {
                        "registry": {
                            "type": "string"
                        },
                        "repository": {
                            "type": "string"
                        },
                        "tag": {
                            "type": "string"
                        }
                    },
                    "type": "object"
                },
                "imagePullPolicy": {
                    "type": "string"
                },
                "mtls": {
                    "properties": {
                        "enabled": {
                            "type": "boolean"
                        }
                    },
                    "type": "object"
                },
                "nodeSelector": {
                    "properties": {},
                    "type": "object"
                },
                "podAnnotations": {
                    "properties": {},
                    "type": "object"
                },
                "podSecurityPolicy": {
                    "type": "boolean"
                },
                "priorityClassName": {
                    "type": "string"
                },
                "privileged": {
                    "type": "boolean"
                },
                "resources": {
                    "properties": {},
                    "type": "object"
                },
                "runtime": {
                    "type": "string"
                },
                "serviceAccount": {
                    "type": "string"
                },
                "socketPath": {
                    "type": "string"
                },
                "tolerations": {
                    "type": "array"
                },
                "updateStrategy": {
                    "properties": {},
                    "type": "object"
                }
            },
            "type": "object"
        },
        "chaosDlv": {
            "properties": {
                "enable": {
                    "type": "boolean"
                },
                "image": {
                    "properties": {
                        "registry": {
                            "type": "string"
                        },
                        "repository": {
                            "type": "string"
                        },
                        "tag": {
                            "type": "string"
                        }
                    },
                    "type": "object"
                },
                "imagePullPolicy": {
                    "type": "string"
                }
            },
            "type": "object"
        },
        "clusterScoped": {
            "type": "boolean"
        },
        "controllerManager": {
            "properties": {
                "affinity": {
                    "properties": {},
                    "type": "object"
                },
                "allowHostNetworkTesting": {
                    "type": "boolean"
                },
                "chaosdSecurityMode": {
                    "type": "boolean"
                },
                "enableFilterNamespace": {
                    "type": "boolean"
                },
                "enabledControllers": {
                    "items": {
                        "type": "string"
                    },
                    "type": "array"
                },
                "enabledWebhooks": {
                    "items": {
                        "type": "string"
                    },
                    "type": "array"
                },
                "env": {
                    "properties": {
                        "METRICS_PORT": {
                            "type": "integer"
                        },
                        "WEBHOOK_PORT": {
                            "type": "integer"
                        }
                    },
                    "type": "object"
                },
                "hostNetwork": {
                    "type": "boolean"
                },
                "image": {
                    "properties": {
                        "registry": {
                            "type": "string"
                        },
                        "repository": {
                            "type": "string"
                        },
                        "tag": {
                            "type": "string"
                        }
                    },
                    "type": "object"
                },
                "imagePullPolicy": {
                    "type": "string"
                },
                "leaderElection": {
                    "properties": {
                        "enabled": {
                            "type": "boolean"
                        },
                        "leaseDuration": {
                            "type": "string"
                        },
                        "renewDeadline": {
                            "type": "string"
                        },
                        "retryPeriod": {
                            "type": "string"
                        }
                    },
                    "type": "object"
                },
                "localHelmChart": {
                    "properties": {
                        "enabled": {
                            "type": "boolean"
                        },
                        "volume": {
                            "properties": {
                                "hostPath": {
                                    "properties": {
                                        "path": {
                                            "type": "string"
                                        },
                                        "type": {
                                            "type": "string"
                                        }
                                    },
                                    "type": "object"
                                }
                            },
                            "type": "object"
                        }
                    },
                    "type": "object"
                },
                "nodeSelector": {
                    "properties": {},
                    "type": "object"
                },
                "podAnnotations": {
                    "properties": {},
                    "type": "object"
                },
                "podChaos": {
                    "properties": {
                        "podFailure": {
                            "properties": {
                                "pauseImage": {
                                    "type": "string"
                                }
                            },
                            "type": "object"
                        }
                    },
                    "type": "object"
                },
                "priorityClassName": {
                    "type": "string"
                },
                "replicaCount": {
                    "type": "integer"
                },
                "resources": {
                    "properties": {
                        "limits": {
                            "properties": {},
                            "type": "object"
                        },
                        "requests": {
                            "properties": {
                                "cpu": {
                                    "type": "string"
                                },
                                "memory": {
                                    "type": "string"
                                }
                            },
                            "type": "object"
                        }
                    },
                    "type": "object"
                },
                "securityContext": {
                    "properties": {},
                    "type": "object"
                },
                "service": {
                    "properties": {
                        "type": {
                            "type": "string"
                        }
                    },
                    "type": "object"
                },
                "serviceAccount": {
                    "type": "string"
                },
                "targetNamespace": {
                    "type": "string"
                },
                "tolerations": {
                    "type": "array"
                }
            },
            "type": "object"
        },
        "customLabels": {
            "properties": {},
            "type": "object"
        },
        "dashboard": {
            "properties": {
                "affinity": {
                    "properties": {},
                    "type": "object"
                },
                "create": {
                    "type": "boolean"
                },
                "env": {
                    "properties": {
                        "CLEAN_SYNC_PERIOD": {
                            "type": "string"
                        },
                        "DATABASE_DATASOURCE": {
                            "type": "string"
                        },
                        "DATABASE_DRIVER": {
                            "type": "string"
                        },
                        "LISTEN_HOST": {
                            "type": "string"
                        },
                        "LISTEN_PORT": {
                            "type": "integer"
                        },
                        "METRIC_HOST": {
                            "type": "string"
                        },
                        "METRIC_PORT": {
                            "type": "integer"
                        },
                        "TTL_EVENT": {
                            "type": "string"
                        },
                        "TTL_EXPERIMENT": {
                            "type": "string"
                        },
                        "TTL_SCHEDULE": {
                            "type": "string"
                        },
                        "TTL_WORKFLOW": {
                            "type": "string"
                        }
                    },
                    "type": "object"
                },
                "extraContainers": {
                    "type": "array"
                },
                "gcpClientId": {
                    "type": "string"
                },
                "gcpClientSecret": {
                    "type": "string"
                },
                "gcpSecurityMode": {
                    "type": "boolean"
                },
                "hostNetwork": {
                    "type": "boolean"
                },
                "image": {
                    "properties": {
                        "registry": {
                            "type": "string"
                        },
                        "repository": {
                            "type": "string"
                        },
                        "tag": {
                            "type": "string"
                        }
                    },
                    "type": "object"
                },
                "imagePullPolicy": {
                    "type": "string"
                },
                "ingress": {
                    "properties": {
                        "apiVersionOverrides": {
                            "type": "string"
                        },
                        "certManager": {
                            "type": "boolean"
                        },
                        "enabled": {
                            "type": "boolean"
                        },
                        "hosts": {
                            "items": {
                                "properties": {
                                    "name": {
                                        "type": "string"
                                    },
                                    "tls": {
                                        "type": "boolean"
                                    },
                                    "tlsSecret": {
                                        "type": "string"
                                    }
                                },
                                "type": "object"
                            },
                            "type": "array"
                        },
                        "ingressClassName": {
                            "type": "string"
                        },
                        "paths": {
                            "items": {
                                "type": "string"
                            },
                            "type": "array"
                        }
                    },
                    "type": "object"
                },
                "nodeSelector": {
                    "properties": {},
                    "type": "object"
                },
                "persistentVolume": {
                    "properties": {
                        "enabled": {
                            "type": "boolean"
                        },
                        "existingClaim": {
                            "type": "string"
                        },
                        "mountPath": {
                            "type": "string"
                        },
                        "size": {
                            "type": "string"
                        },
                        "storageClassName": {
                            "type": "string"
                        },
                        "subPath": {
                            "type": "string"
                        }
                    },
                    "type": "object"
                },
                "podAnnotations": {
                    "properties": {},
                    "type": "object"
                },
                "priorityClassName": {
                    "type": "string"
                },
                "replicaCount": {
                    "type": "integer"
                },
                "resources": {
                    "properties": {
                        "limits": {
                            "properties": {},
                            "type": "object"
                        },
                        "requests": {
                            "properties": {
                                "cpu": {
                                    "type": "string"
                                },
                                "memory": {
                                    "type": "string"
                                }
                            },
                            "type": "object"
                        }
                    },
                    "type": "object"
                },
                "rootUrl": {
                    "type": "string"
                },
                "securityContext": {
                    "properties": {},
                    "type": "object"
                },
                "securityMode": {
                    "type": "boolean"
                },
                "service": {
                    "properties": {
                        "annotations": {
                            "properties": {},
                            "type": "object"
                        },
                        "type": {
                            "type": "string"
                        }
                    },
                    "type": "object"
                },
                "serviceAccount": {
                    "type": "string"
                },
                "tolerations": {
                    "type": "array"
                }
            },
            "type": "object"
        },
        "dnsServer": {
            "properties": {
                "create": {
                    "type": "boolean"
                },
                "env": {
                    "properties": {
                        "LISTEN_HOST": {
                            "type": "string"
                        },
                        "LISTEN_PORT": {
                            "type": "integer"
                        }
                    },
                    "type": "object"
                },
                "grpcPort": {
                    "type": "integer"
                },
                "image": {
                    "type": "string"
                },
                "imagePullPolicy": {
                    "type": "string"
                },
                "name": {
                    "type": "string"
                },
                "nodeSelector": {
                    "properties": {},
                    "type": "object"
                },
                "podAnnotations": {
                    "properties": {},
                    "type": "object"
                },
                "priorityClassName": {
                    "type": "string"
                },
                "replicas": {
                    "type": "integer"
                },
                "resources": {
                    "properties": {
                        "limits": {
                            "properties": {},
                            "type": "object"
                        },
                        "requests": {
                            "properties": {
                                "cpu": {
                                    "type": "string"
                                },
                                "memory": {
                                    "type": "string"
                                }
                            },
                            "type": "object"
                        }
                    },
                    "type": "object"
                },
                "serviceAccount": {
                    "type": "string"
                },
                "tolerations": {
                    "type": "array"
                }
            },
            "type": "object"
        },
        "enableCtrlServer": {
            "type": "boolean"
        },
        "enableProfiling": {
            "type": "boolean"
        },
        "fullnameOverride": {
            "type": "string"
        },
        "imagePullSecrets": {
            "type": "array"
        },
        "images": {
            "properties": {
                "registry": {
                    "type": "string"
                },
                "tag": {
                    "type": "string"
                }
            },
            "type": "object"
        },
        "nameOverride": {
            "type": "string"
        },
        "prometheus": {
            "properties": {
                "affinity": {
                    "properties": {},
                    "type": "object"
                },
                "create": {
                    "type": "boolean"
                },
                "image": {
                    "type": "string"
                },
                "imagePullPolicy": {
                    "type": "string"
                },
                "nodeSelector": {
                    "properties": {},
                    "type": "object"
                },
                "podAnnotations": {
                    "properties": {},
                    "type": "object"
                },
                "priorityClassName": {
                    "type": "string"
                },
                "resources": {
                    "properties": {
                        "limits": {
                            "properties": {
                                "cpu": {
                                    "type": "string"
                                },
                                "memory": {
                                    "type": "string"
                                }
                            },
                            "type": "object"
                        },
                        "requests": {
                            "properties": {
                                "cpu": {
                                    "type": "string"
                                },
                                "memory": {
                                    "type": "string"
                                }
                            },
                            "type": "object"
                        }
                    },
                    "type": "object"
                },
                "service": {
                    "properties": {
                        "type": {
                            "type": "string"
                        }
                    },
                    "type": "object"
                },
                "serviceAccount": {
                    "type": "string"
                },
                "tolerations": {
                    "type": "array"
                },
                "volume": {
                    "properties": {
                        "storage": {
                            "type": "string"
                        },
                        "storageClassName": {
                            "type": "string"
                        }
                    },
                    "type": "object"
                }
            },
            "type": "object"
        },
        "rbac": {
            "properties": {
                "create": {
                    "type": "boolean"
                }
            },
            "type": "object"
        },
        "timezone": {
            "type": "string"
        },
        "webhook": {
            "properties": {
                "CRDS": {
                    "items": {
                        "type": "string"
                    },
                    "type": "array"
                },
                "FailurePolicy": {
                    "type": "string"
                },
                "caBundlePEM": {
                    "type": "string"
                },
                "certManager": {
                    "properties": {
                        "enabled": {
                            "type": "boolean"
                        }
                    },
                    "type": "object"
                },
                "crtPEM": {
                    "type": "string"
                },
                "keyPEM": {
                    "type": "string"
                },
                "timeoutSeconds": {
                    "type": "integer"
                }
            },
            "type": "object"
        }
    },
    "type": "object"
}